{"cameraMode":{"drawMode":0,"name":"Shaded","section":"Shading Mode"},"sceneLighting":true,"audioPlay":false,"sceneViewState":{"showFog":true,"showMaterialUpdate":false,"showSkybox":true,"showFlares":true,"showImageEffects":true,"showParticleSystems":true},"in2DMode":false,"pivot":{"x":0.6336472630500794,"y":2.22502064704895,"z":-6.706991195678711},"rotation":{"x":0.0277241300791502,"y":-0.6444626450538635,"z":0.023437470197677614,"w":0.7638586163520813},"size":1.4137539863586426,"orthographic":false}