{"cameraMode":{"drawMode":0,"name":"Shaded","section":"Shading Mode"},"sceneLighting":false,"audioPlay":false,"sceneViewState":{"showFog":true,"showMaterialUpdate":false,"showSkybox":false,"showFlares":true,"showImageEffects":true,"showParticleSystems":true},"in2DMode":false,"pivot":{"x":0.7204126715660095,"y":2.2891383171081545,"z":1.943826675415039},"rotation":{"x":0.020473333075642587,"y":0.5369627475738525,"z":-0.013104722835123539,"w":0.8433001041412354},"size":1.4360475540161133,"orthographic":false}